Global_ID,Original_Image,X_Center_Global,Y_Center_Global,Diameter,Depth_Est,Morphology,Confidence,Quadrant
1,e3a05989-cc17-4185-948d-1e2dfacca8bf.jpg,430.39,507.46,23.26,6.56,Complex,0.82,SE
2,e3a05989-cc17-4185-948d-1e2dfacca8bf.jpg,41.86,582.65,15.39,4.34,Complex,0.81,SW
3,e3a05989-cc17-4185-948d-1e2dfacca8bf.jpg,570.29,147.13,19.57,5.52,Complex,0.81,NE
4,e3a05989-cc17-4185-948d-1e2dfacca8bf.jpg,427.29,78.16,23.33,6.58,Complex,0.8,NE
5,e3a05989-cc17-4185-948d-1e2dfacca8bf.jpg,244.21,271.26,15.94,4.5,Complex,0.78,NW
6,e3a05989-cc17-4185-948d-1e2dfacca8bf.jpg,217.98,339.48,11.21,3.16,Simple,0.77,SW
7,e3a05989-cc17-4185-948d-1e2dfacca8bf.jpg,146.12,455.06,14.81,4.18,Complex,0.76,SW
8,e3a05989-cc17-4185-948d-1e2dfacca8bf.jpg,238.22,357.68,11.33,3.2,Simple,0.75,SW
9,e3a05989-cc17-4185-948d-1e2dfacca8bf.jpg,396.33,630.62,13.59,3.83,Simple,0.74,SE
10,e3a05989-cc17-4185-948d-1e2dfacca8bf.jpg,583.05,570.97,16.3,4.6,Complex,0.73,SE
11,e3a05989-cc17-4185-948d-1e2dfacca8bf.jpg,6.31,170.78,10.99,3.1,Simple,0.72,NW
12,e3a05989-cc17-4185-948d-1e2dfacca8bf.jpg,497.3,48.77,23.38,6.6,Complex,0.71,NE
13,e3a05989-cc17-4185-948d-1e2dfacca8bf.jpg,42.48,447.74,27.56,7.78,Complex,0.71,SW
14,e3a05989-cc17-4185-948d-1e2dfacca8bf.jpg,243.54,489.33,21.35,6.02,Complex,0.7,SW
15,e3a05989-cc17-4185-948d-1e2dfacca8bf.jpg,191.2,626.24,11.04,3.11,Simple,0.7,SW
16,e3a05989-cc17-4185-948d-1e2dfacca8bf.jpg,302.51,562.66,39.34,11.1,Complex/Overlapping,0.7,SW
17,e3a05989-cc17-4185-948d-1e2dfacca8bf.jpg,238.21,70.53,13.57,3.83,Simple,0.69,NW
18,e3a05989-cc17-4185-948d-1e2dfacca8bf.jpg,248.76,435.22,14.73,4.16,Complex,0.68,SW
19,e3a05989-cc17-4185-948d-1e2dfacca8bf.jpg,537.49,507.69,17.0,4.8,Complex,0.68,SE
20,e3a05989-cc17-4185-948d-1e2dfacca8bf.jpg,110.47,374.85,18.87,5.32,Complex,0.68,SW
21,e3a05989-cc17-4185-948d-1e2dfacca8bf.jpg,311.61,401.93,10.26,2.9,Simple,0.66,SW
22,e3a05989-cc17-4185-948d-1e2dfacca8bf.jpg,503.67,378.58,14.77,4.17,Complex,0.66,SE
23,e3a05989-cc17-4185-948d-1e2dfacca8bf.jpg,238.66,512.35,15.98,4.51,Complex,0.65,SW
24,e3a05989-cc17-4185-948d-1e2dfacca8bf.jpg,265.11,447.77,11.54,3.26,Simple,0.64,SW
25,e3a05989-cc17-4185-948d-1e2dfacca8bf.jpg,387.17,309.86,53.94,15.22,Complex,0.64,NE
26,e3a05989-cc17-4185-948d-1e2dfacca8bf.jpg,608.83,527.91,13.14,3.71,Simple,0.63,SE
27,e3a05989-cc17-4185-948d-1e2dfacca8bf.jpg,632.77,420.01,9.99,2.82,Simple,0.62,SE
28,e3a05989-cc17-4185-948d-1e2dfacca8bf.jpg,217.07,153.49,10.56,2.98,Simple,0.62,NW
29,e3a05989-cc17-4185-948d-1e2dfacca8bf.jpg,279.66,146.8,9.89,2.79,Simple,0.61,NW
30,e3a05989-cc17-4185-948d-1e2dfacca8bf.jpg,227.66,359.28,9.67,2.73,Simple,0.61,SW
31,e3a05989-cc17-4185-948d-1e2dfacca8bf.jpg,175.34,619.4,10.96,3.09,Simple,0.61,SW
32,e3a05989-cc17-4185-948d-1e2dfacca8bf.jpg,308.7,417.85,14.23,4.02,Complex,0.59,SW
33,e3a05989-cc17-4185-948d-1e2dfacca8bf.jpg,540.74,607.24,9.66,2.73,Simple,0.59,SE
34,e3a05989-cc17-4185-948d-1e2dfacca8bf.jpg,604.6,603.75,11.13,3.14,Simple,0.59,SE
35,e3a05989-cc17-4185-948d-1e2dfacca8bf.jpg,89.8,492.78,14.22,4.01,Complex,0.58,SW
36,e3a05989-cc17-4185-948d-1e2dfacca8bf.jpg,112.38,182.68,13.72,3.87,Simple,0.58,NW
37,e3a05989-cc17-4185-948d-1e2dfacca8bf.jpg,103.82,228.94,17.79,5.02,Complex,0.57,NW
38,e3a05989-cc17-4185-948d-1e2dfacca8bf.jpg,26.53,200.62,9.37,2.64,Simple,0.57,NW
39,e3a05989-cc17-4185-948d-1e2dfacca8bf.jpg,258.06,268.1,14.86,4.19,Complex,0.57,NW
40,e3a05989-cc17-4185-948d-1e2dfacca8bf.jpg,29.48,474.53,23.29,6.57,Complex,0.57,SW
41,e3a05989-cc17-4185-948d-1e2dfacca8bf.jpg,467.26,527.21,10.78,3.04,Simple/Overlapping,0.57,SE
42,e3a05989-cc17-4185-948d-1e2dfacca8bf.jpg,21.9,589.67,12.84,3.62,Simple,0.56,SW
43,e3a05989-cc17-4185-948d-1e2dfacca8bf.jpg,45.32,358.59,10.37,2.93,Simple,0.56,SW
44,e3a05989-cc17-4185-948d-1e2dfacca8bf.jpg,532.0,467.79,10.42,2.94,Simple,0.56,SE
45,e3a05989-cc17-4185-948d-1e2dfacca8bf.jpg,174.04,285.23,20.26,5.72,Complex,0.55,NW
46,e3a05989-cc17-4185-948d-1e2dfacca8bf.jpg,122.98,269.18,9.48,2.68,Simple,0.53,NW
47,e3a05989-cc17-4185-948d-1e2dfacca8bf.jpg,491.45,437.9,28.5,8.04,Complex,0.52,SE
48,e3a05989-cc17-4185-948d-1e2dfacca8bf.jpg,603.64,156.29,15.29,4.32,Complex,0.52,NE
49,e3a05989-cc17-4185-948d-1e2dfacca8bf.jpg,553.17,399.49,10.83,3.06,Simple,0.51,SE
50,e3a05989-cc17-4185-948d-1e2dfacca8bf.jpg,623.09,465.32,37.39,10.55,Complex,0.51,SE
51,e3a05989-cc17-4185-948d-1e2dfacca8bf.jpg,452.37,619.63,9.85,2.78,Simple,0.51,SE
52,e3a05989-cc17-4185-948d-1e2dfacca8bf.jpg,469.56,513.29,21.66,6.11,Complex/Overlapping,0.51,SE
53,e3a05989-cc17-4185-948d-1e2dfacca8bf.jpg,93.49,366.13,11.04,3.11,Simple,0.5,SW
54,e3a05989-cc17-4185-948d-1e2dfacca8bf.jpg,550.02,524.6,14.58,4.11,Complex,0.5,SE
55,e3a05989-cc17-4185-948d-1e2dfacca8bf.jpg,581.08,597.01,24.74,6.98,Complex,0.5,SE
56,e3a05989-cc17-4185-948d-1e2dfacca8bf.jpg,442.15,21.49,11.35,3.2,Simple,0.5,NE
57,e3a05989-cc17-4185-948d-1e2dfacca8bf.jpg,566.95,570.82,10.32,2.91,Simple,0.5,SE
58,e3a05989-cc17-4185-948d-1e2dfacca8bf.jpg,116.04,209.31,13.03,3.68,Simple,0.5,NW
59,e3a05989-cc17-4185-948d-1e2dfacca8bf.jpg,16.09,610.5,10.63,3.0,Simple,0.49,SW
60,e3a05989-cc17-4185-948d-1e2dfacca8bf.jpg,459.48,156.74,83.25,23.49,Complex/Overlapping,0.49,NE
61,e3a05989-cc17-4185-948d-1e2dfacca8bf.jpg,201.16,411.03,17.59,4.96,Complex,0.49,SW
62,e3a05989-cc17-4185-948d-1e2dfacca8bf.jpg,155.43,341.23,13.75,3.88,Simple,0.48,SW
63,e3a05989-cc17-4185-948d-1e2dfacca8bf.jpg,326.97,383.83,10.07,2.84,Simple,0.48,SE
64,e3a05989-cc17-4185-948d-1e2dfacca8bf.jpg,296.28,548.27,17.68,4.99,Degraded/Overlapping,0.48,SW
65,e3a05989-cc17-4185-948d-1e2dfacca8bf.jpg,566.11,629.83,11.55,3.26,Simple,0.47,SE
66,e3a05989-cc17-4185-948d-1e2dfacca8bf.jpg,559.57,167.91,15.95,4.5,Complex,0.47,NE
67,e3a05989-cc17-4185-948d-1e2dfacca8bf.jpg,534.21,552.36,15.51,4.38,Complex/Overlapping,0.47,SE
68,e3a05989-cc17-4185-948d-1e2dfacca8bf.jpg,445.55,520.01,12.04,3.4,Simple,0.47,SE
69,e3a05989-cc17-4185-948d-1e2dfacca8bf.jpg,313.35,477.68,9.42,2.66,Simple,0.47,SW
70,e3a05989-cc17-4185-948d-1e2dfacca8bf.jpg,598.83,431.13,32.69,9.22,Complex,0.47,SE
71,e3a05989-cc17-4185-948d-1e2dfacca8bf.jpg,179.35,367.49,9.64,2.72,Simple,0.46,SW
72,e3a05989-cc17-4185-948d-1e2dfacca8bf.jpg,522.42,519.26,13.59,3.84,Simple,0.46,SE
73,e3a05989-cc17-4185-948d-1e2dfacca8bf.jpg,27.96,542.94,11.57,3.27,Simple/Overlapping,0.45,SW
74,e3a05989-cc17-4185-948d-1e2dfacca8bf.jpg,482.21,627.28,12.55,3.54,Simple,0.45,SE
75,e3a05989-cc17-4185-948d-1e2dfacca8bf.jpg,5.65,29.39,13.35,3.77,Simple,0.45,NW
76,e3a05989-cc17-4185-948d-1e2dfacca8bf.jpg,534.29,70.4,13.65,3.85,Simple,0.44,NE
77,e3a05989-cc17-4185-948d-1e2dfacca8bf.jpg,20.62,515.21,21.61,6.1,Complex,0.44,SW
78,e3a05989-cc17-4185-948d-1e2dfacca8bf.jpg,213.74,213.09,8.27,2.33,Simple,0.44,NW
79,e3a05989-cc17-4185-948d-1e2dfacca8bf.jpg,161.66,635.03,9.15,2.58,Simple,0.44,SW
80,e3a05989-cc17-4185-948d-1e2dfacca8bf.jpg,468.75,540.51,12.35,3.48,Simple,0.43,SE
81,e3a05989-cc17-4185-948d-1e2dfacca8bf.jpg,61.6,439.94,11.88,3.35,Simple,0.43,SW
82,e3a05989-cc17-4185-948d-1e2dfacca8bf.jpg,32.97,558.72,12.68,3.58,Simple/Overlapping,0.43,SW
83,e3a05989-cc17-4185-948d-1e2dfacca8bf.jpg,621.93,632.92,10.84,3.06,Simple,0.43,SE
84,e3a05989-cc17-4185-948d-1e2dfacca8bf.jpg,89.43,22.33,35.38,9.98,Complex/Overlapping,0.42,NW
85,e3a05989-cc17-4185-948d-1e2dfacca8bf.jpg,29.62,554.63,11.46,3.23,Simple/Overlapping,0.42,SW
86,e3a05989-cc17-4185-948d-1e2dfacca8bf.jpg,224.28,319.42,8.66,2.44,Simple,0.42,NW
87,e3a05989-cc17-4185-948d-1e2dfacca8bf.jpg,85.09,414.89,15.27,4.31,Complex,0.42,SW
88,e3a05989-cc17-4185-948d-1e2dfacca8bf.jpg,63.77,216.04,9.56,2.7,Simple,0.42,NW
89,e3a05989-cc17-4185-948d-1e2dfacca8bf.jpg,606.81,100.99,27.88,7.87,Complex/Overlapping,0.41,NE
90,e3a05989-cc17-4185-948d-1e2dfacca8bf.jpg,97.84,442.32,8.57,2.42,Simple,0.4,SW
91,e3a05989-cc17-4185-948d-1e2dfacca8bf.jpg,617.92,563.55,13.67,3.86,Simple,0.4,SE
92,e3a05989-cc17-4185-948d-1e2dfacca8bf.jpg,156.51,194.21,12.59,3.55,Simple,0.4,NW
93,e3a05989-cc17-4185-948d-1e2dfacca8bf.jpg,379.8,456.07,27.26,7.69,Complex,0.4,SE
94,e3a05989-cc17-4185-948d-1e2dfacca8bf.jpg,522.21,152.41,12.91,3.64,Simple,0.4,NE
95,e3a05989-cc17-4185-948d-1e2dfacca8bf.jpg,258.5,108.33,14.56,4.11,Complex,0.39,NW
96,e3a05989-cc17-4185-948d-1e2dfacca8bf.jpg,622.95,427.82,11.59,3.27,Simple,0.39,SE
97,e3a05989-cc17-4185-948d-1e2dfacca8bf.jpg,179.76,152.98,13.63,3.85,Simple,0.38,NW
98,e3a05989-cc17-4185-948d-1e2dfacca8bf.jpg,601.23,492.08,14.5,4.09,Complex,0.38,SE
99,e3a05989-cc17-4185-948d-1e2dfacca8bf.jpg,196.04,365.05,10.21,2.88,Simple,0.38,SW
100,e3a05989-cc17-4185-948d-1e2dfacca8bf.jpg,284.85,229.08,10.8,3.05,Simple,0.38,NW
101,e3a05989-cc17-4185-948d-1e2dfacca8bf.jpg,348.73,429.94,11.87,3.35,Simple,0.37,SE
102,e3a05989-cc17-4185-948d-1e2dfacca8bf.jpg,529.12,552.07,14.15,3.99,Simple/Overlapping,0.37,SE
103,e3a05989-cc17-4185-948d-1e2dfacca8bf.jpg,417.07,23.62,32.84,9.27,Complex,0.37,NE
104,e3a05989-cc17-4185-948d-1e2dfacca8bf.jpg,294.89,632.84,11.4,3.22,Simple,0.37,SW
105,e3a05989-cc17-4185-948d-1e2dfacca8bf.jpg,339.93,324.17,12.23,3.45,Simple,0.37,SE
106,e3a05989-cc17-4185-948d-1e2dfacca8bf.jpg,222.57,131.95,15.15,4.27,Complex,0.37,NW
107,e3a05989-cc17-4185-948d-1e2dfacca8bf.jpg,75.15,428.0,9.94,2.81,Simple,0.36,SW
108,e3a05989-cc17-4185-948d-1e2dfacca8bf.jpg,227.72,109.04,11.8,3.33,Simple,0.36,NW
109,e3a05989-cc17-4185-948d-1e2dfacca8bf.jpg,279.24,597.29,14.21,4.01,Complex,0.36,SW
110,e3a05989-cc17-4185-948d-1e2dfacca8bf.jpg,153.54,423.05,41.05,11.58,Complex,0.35,SW
111,e3a05989-cc17-4185-948d-1e2dfacca8bf.jpg,311.47,251.02,41.47,11.7,Complex,0.35,NW
112,e3a05989-cc17-4185-948d-1e2dfacca8bf.jpg,454.23,579.4,11.41,3.22,Simple,0.35,SE
113,e3a05989-cc17-4185-948d-1e2dfacca8bf.jpg,440.3,154.67,13.45,3.8,Simple/Overlapping,0.35,NE
114,e3a05989-cc17-4185-948d-1e2dfacca8bf.jpg,101.09,303.62,26.21,7.4,Complex,0.35,NW
115,e3a05989-cc17-4185-948d-1e2dfacca8bf.jpg,263.32,12.65,14.53,4.1,Complex/Overlapping,0.34,NW
116,e3a05989-cc17-4185-948d-1e2dfacca8bf.jpg,495.29,361.39,10.17,2.87,Simple,0.34,SE
117,e3a05989-cc17-4185-948d-1e2dfacca8bf.jpg,592.27,73.25,38.48,10.86,Complex/Overlapping,0.34,NE
118,e3a05989-cc17-4185-948d-1e2dfacca8bf.jpg,324.11,537.43,8.28,2.34,Simple,0.34,SE
119,e3a05989-cc17-4185-948d-1e2dfacca8bf.jpg,17.3,168.44,8.61,2.43,Simple,0.32,NW
120,e3a05989-cc17-4185-948d-1e2dfacca8bf.jpg,331.6,632.27,14.74,4.16,Degraded,0.32,SE
121,e3a05989-cc17-4185-948d-1e2dfacca8bf.jpg,5.96,268.3,9.33,2.63,Simple,0.32,NW
122,e3a05989-cc17-4185-948d-1e2dfacca8bf.jpg,71.9,26.26,70.12,19.79,Degraded/Overlapping,0.31,NW
123,e3a05989-cc17-4185-948d-1e2dfacca8bf.jpg,447.59,158.22,15.45,4.36,Complex/Overlapping,0.31,NE
124,e3a05989-cc17-4185-948d-1e2dfacca8bf.jpg,20.68,439.5,17.04,4.81,Complex,0.3,SW
125,e3a05989-cc17-4185-948d-1e2dfacca8bf.jpg,633.54,23.47,10.66,3.01,Simple,0.3,NE
126,e3a05989-cc17-4185-948d-1e2dfacca8bf.jpg,144.08,531.47,9.05,2.55,Simple,0.3,SW
127,e3a05989-cc17-4185-948d-1e2dfacca8bf.jpg,275.86,428.45,7.65,2.16,Simple,0.3,SW
128,e3a05989-cc17-4185-948d-1e2dfacca8bf.jpg,264.43,14.39,12.19,3.44,Simple/Overlapping,0.3,NW
129,e3a05989-cc17-4185-948d-1e2dfacca8bf.jpg,592.19,514.37,19.06,5.38,Complex,0.3,SE
130,e3a05989-cc17-4185-948d-1e2dfacca8bf.jpg,505.36,4.64,8.65,2.44,Degraded,0.29,NE
131,e3a05989-cc17-4185-948d-1e2dfacca8bf.jpg,45.79,550.15,13.59,3.84,Simple,0.29,SW
132,e3a05989-cc17-4185-948d-1e2dfacca8bf.jpg,593.85,26.21,13.71,3.87,Simple,0.29,NE
133,e3a05989-cc17-4185-948d-1e2dfacca8bf.jpg,581.02,488.24,19.5,5.5,Complex,0.29,SE
134,e3a05989-cc17-4185-948d-1e2dfacca8bf.jpg,7.67,417.5,13.13,3.7,Simple,0.29,SW
135,e3a05989-cc17-4185-948d-1e2dfacca8bf.jpg,276.24,66.71,46.67,13.17,Complex,0.28,NW
136,e3a05989-cc17-4185-948d-1e2dfacca8bf.jpg,329.19,409.73,10.09,2.85,Simple,0.28,SE
137,e3a05989-cc17-4185-948d-1e2dfacca8bf.jpg,414.14,153.51,52.11,14.7,Complex/Overlapping,0.28,NE
138,e3a05989-cc17-4185-948d-1e2dfacca8bf.jpg,73.86,327.16,49.18,13.88,Complex,0.28,SW
139,e3a05989-cc17-4185-948d-1e2dfacca8bf.jpg,132.33,393.79,24.87,7.02,Complex,0.28,SW
140,e3a05989-cc17-4185-948d-1e2dfacca8bf.jpg,260.28,469.84,8.96,2.53,Simple,0.28,SW
141,e3a05989-cc17-4185-948d-1e2dfacca8bf.jpg,455.82,109.61,10.88,3.07,Simple,0.27,NE
142,e3a05989-cc17-4185-948d-1e2dfacca8bf.jpg,601.44,630.27,9.1,2.57,Simple,0.27,SE
143,e3a05989-cc17-4185-948d-1e2dfacca8bf.jpg,185.85,576.18,175.97,49.66,Degraded,0.27,SW
144,e3a05989-cc17-4185-948d-1e2dfacca8bf.jpg,95.14,214.11,8.21,2.32,Simple,0.27,NW
145,e3a05989-cc17-4185-948d-1e2dfacca8bf.jpg,626.25,68.51,48.9,13.8,Degraded,0.27,NE
146,e3a05989-cc17-4185-948d-1e2dfacca8bf.jpg,31.11,555.89,12.7,3.58,Simple/Overlapping,0.27,SW
147,e3a05989-cc17-4185-948d-1e2dfacca8bf.jpg,277.55,567.72,19.6,5.53,Complex,0.27,SW
148,e3a05989-cc17-4185-948d-1e2dfacca8bf.jpg,570.53,343.56,8.09,2.28,Simple,0.26,SE
149,e3a05989-cc17-4185-948d-1e2dfacca8bf.jpg,633.27,123.06,17.14,4.84,Complex,0.26,NE
150,e3a05989-cc17-4185-948d-1e2dfacca8bf.jpg,603.23,319.99,23.18,6.54,Complex,0.25,NE
151,e3a05989-cc17-4185-948d-1e2dfacca8bf.jpg,494.65,632.96,11.57,3.26,Simple,0.25,SE
152,e3a05989-cc17-4185-948d-1e2dfacca8bf.jpg,137.43,199.03,19.03,5.37,Complex,0.25,NW
153,e3a05989-cc17-4185-948d-1e2dfacca8bf.jpg,111.9,532.84,11.08,3.13,Simple,0.25,SW
154,e3a05989-cc17-4185-948d-1e2dfacca8bf.jpg,529.23,531.63,13.06,3.69,Simple,0.25,SE
155,e3a05989-cc17-4185-948d-1e2dfacca8bf.jpg,208.2,284.2,8.89,2.51,Simple,0.25,NW
156,d4624c97-9ee9-41c7-91ab-394185d4b686.jpg,644.51,554.85,15.64,5.63,Degraded,0.85,SW
157,d4624c97-9ee9-41c7-91ab-394185d4b686.jpg,712.33,420.89,33.31,12.0,Complex,0.84,SW
158,d4624c97-9ee9-41c7-91ab-394185d4b686.jpg,667.4,392.55,19.95,7.19,Complex,0.84,SW
159,d4624c97-9ee9-41c7-91ab-394185d4b686.jpg,1091.77,449.63,29.83,10.75,Complex,0.83,SE
160,d4624c97-9ee9-41c7-91ab-394185d4b686.jpg,1144.1,510.97,12.7,4.58,Complex,0.82,SE
161,d4624c97-9ee9-41c7-91ab-394185d4b686.jpg,1212.52,275.99,24.56,8.85,Complex,0.81,NE
162,d4624c97-9ee9-41c7-91ab-394185d4b686.jpg,1222.68,615.97,45.53,16.41,Complex/Overlapping,0.81,SE
163,d4624c97-9ee9-41c7-91ab-394185d4b686.jpg,1038.62,540.74,43.72,15.75,Complex,0.78,SE
164,d4624c97-9ee9-41c7-91ab-394185d4b686.jpg,769.31,610.21,17.25,6.21,Complex,0.77,SW
165,d4624c97-9ee9-41c7-91ab-394185d4b686.jpg,679.72,304.37,91.06,32.81,Complex,0.75,NW
166,d4624c97-9ee9-41c7-91ab-394185d4b686.jpg,956.89,264.39,19.56,7.05,Complex/Overlapping,0.74,NW
167,d4624c97-9ee9-41c7-91ab-394185d4b686.jpg,1225.63,309.91,20.23,7.29,Complex,0.74,NE
168,d4624c97-9ee9-41c7-91ab-394185d4b686.jpg,1091.04,621.75,14.48,5.22,Complex,0.73,SE
169,d4624c97-9ee9-41c7-91ab-394185d4b686.jpg,733.54,262.84,9.82,3.54,Simple,0.72,NW
170,d4624c97-9ee9-41c7-91ab-394185d4b686.jpg,779.78,552.55,22.17,7.99,Complex/Overlapping,0.71,SW
171,d4624c97-9ee9-41c7-91ab-394185d4b686.jpg,1255.83,192.17,21.76,7.84,Complex,0.7,NE
172,d4624c97-9ee9-41c7-91ab-394185d4b686.jpg,676.6,445.78,16.87,6.08,Complex,0.69,SW
173,d4624c97-9ee9-41c7-91ab-394185d4b686.jpg,1129.52,512.83,29.26,10.54,Complex,0.68,SE
174,d4624c97-9ee9-41c7-91ab-394185d4b686.jpg,971.73,555.31,11.33,4.08,Complex,0.65,SE
175,d4624c97-9ee9-41c7-91ab-394185d4b686.jpg,721.65,248.84,11.26,4.06,Complex,0.64,NW
176,d4624c97-9ee9-41c7-91ab-394185d4b686.jpg,811.61,619.78,18.64,6.72,Complex,0.62,SW
177,d4624c97-9ee9-41c7-91ab-394185d4b686.jpg,1124.06,625.1,15.29,5.51,Complex,0.61,SE
178,d4624c97-9ee9-41c7-91ab-394185d4b686.jpg,1254.76,99.93,30.32,10.92,Complex,0.6,NE
179,d4624c97-9ee9-41c7-91ab-394185d4b686.jpg,1187.11,444.05,18.05,6.5,Complex,0.56,SE
180,d4624c97-9ee9-41c7-91ab-394185d4b686.jpg,766.38,528.73,47.47,17.1,Complex/Overlapping,0.56,SW
181,d4624c97-9ee9-41c7-91ab-394185d4b686.jpg,1233.86,171.55,23.79,8.57,Complex,0.56,NE
182,d4624c97-9ee9-41c7-91ab-394185d4b686.jpg,756.68,430.23,15.03,5.41,Complex,0.55,SW
183,d4624c97-9ee9-41c7-91ab-394185d4b686.jpg,1107.03,422.06,12.93,4.66,Complex,0.54,SE
184,d4624c97-9ee9-41c7-91ab-394185d4b686.jpg,1213.35,250.0,16.03,5.78,Complex,0.51,NE
185,d4624c97-9ee9-41c7-91ab-394185d4b686.jpg,1273.15,382.66,18.26,6.58,Complex,0.49,SE
186,d4624c97-9ee9-41c7-91ab-394185d4b686.jpg,1271.9,252.31,25.57,9.21,Degraded,0.47,NE
187,d4624c97-9ee9-41c7-91ab-394185d4b686.jpg,1215.51,589.0,23.12,8.33,Complex/Overlapping,0.45,SE
188,d4624c97-9ee9-41c7-91ab-394185d4b686.jpg,1165.78,31.3,14.95,5.39,Complex,0.43,NE
189,d4624c97-9ee9-41c7-91ab-394185d4b686.jpg,960.75,544.42,18.57,6.69,Complex,0.4,SE
190,d4624c97-9ee9-41c7-91ab-394185d4b686.jpg,974.19,4.2,10.19,3.67,Degraded,0.4,NE
191,d4624c97-9ee9-41c7-91ab-394185d4b686.jpg,1163.55,628.91,17.33,6.24,Complex,0.4,SE
192,d4624c97-9ee9-41c7-91ab-394185d4b686.jpg,653.93,257.8,10.55,3.8,Simple,0.39,NW
193,d4624c97-9ee9-41c7-91ab-394185d4b686.jpg,1259.5,604.67,43.97,15.84,Complex,0.39,SE
194,d4624c97-9ee9-41c7-91ab-394185d4b686.jpg,750.41,438.94,76.78,27.67,Complex,0.38,SW
195,d4624c97-9ee9-41c7-91ab-394185d4b686.jpg,820.06,346.85,8.76,3.16,Simple,0.38,SW
196,d4624c97-9ee9-41c7-91ab-394185d4b686.jpg,948.94,502.51,12.64,4.56,Complex,0.38,SW
197,d4624c97-9ee9-41c7-91ab-394185d4b686.jpg,664.34,117.73,8.36,3.01,Simple,0.38,NW
198,d4624c97-9ee9-41c7-91ab-394185d4b686.jpg,936.92,17.71,8.32,3.0,Simple,0.37,NW
199,d4624c97-9ee9-41c7-91ab-394185d4b686.jpg,692.65,227.38,8.82,3.18,Simple,0.37,NW
200,d4624c97-9ee9-41c7-91ab-394185d4b686.jpg,1156.42,338.42,19.85,7.15,Complex,0.36,SE
201,d4624c97-9ee9-41c7-91ab-394185d4b686.jpg,802.45,354.13,54.74,19.72,Complex,0.34,SW
202,d4624c97-9ee9-41c7-91ab-394185d4b686.jpg,1202.75,591.51,46.98,16.93,Degraded/Overlapping,0.33,SE
203,d4624c97-9ee9-41c7-91ab-394185d4b686.jpg,1190.3,343.78,12.06,4.34,Complex,0.32,SE
204,d4624c97-9ee9-41c7-91ab-394185d4b686.jpg,695.98,180.53,41.95,15.12,Complex,0.32,NW
205,d4624c97-9ee9-41c7-91ab-394185d4b686.jpg,879.78,636.02,8.25,2.97,Simple,0.31,SW
206,d4624c97-9ee9-41c7-91ab-394185d4b686.jpg,763.18,285.19,8.29,2.99,Simple,0.31,NW
207,d4624c97-9ee9-41c7-91ab-394185d4b686.jpg,1044.92,617.11,28.89,10.41,Complex,0.31,SE
208,d4624c97-9ee9-41c7-91ab-394185d4b686.jpg,1050.08,431.85,21.95,7.91,Complex,0.31,SE
209,d4624c97-9ee9-41c7-91ab-394185d4b686.jpg,1135.31,391.43,13.48,4.86,Complex,0.3,SE
210,d4624c97-9ee9-41c7-91ab-394185d4b686.jpg,763.73,536.42,13.92,5.02,Complex,0.3,SW
211,d4624c97-9ee9-41c7-91ab-394185d4b686.jpg,957.24,260.68,17.2,6.2,Complex/Overlapping,0.3,NW
212,d4624c97-9ee9-41c7-91ab-394185d4b686.jpg,825.42,631.23,16.63,5.99,Complex,0.29,SW
213,d4624c97-9ee9-41c7-91ab-394185d4b686.jpg,1070.96,591.07,9.83,3.54,Simple,0.29,SE
214,d4624c97-9ee9-41c7-91ab-394185d4b686.jpg,809.62,598.03,23.8,8.57,Complex,0.29,SW
215,d4624c97-9ee9-41c7-91ab-394185d4b686.jpg,1103.07,570.65,17.87,6.44,Complex,0.28,SE
216,d4624c97-9ee9-41c7-91ab-394185d4b686.jpg,1245.65,499.48,12.37,4.46,Complex,0.28,SE
217,d4624c97-9ee9-41c7-91ab-394185d4b686.jpg,1177.07,193.44,16.96,6.11,Complex,0.28,NE
218,d4624c97-9ee9-41c7-91ab-394185d4b686.jpg,1269.25,617.93,12.73,4.59,Complex,0.27,SE
219,d4624c97-9ee9-41c7-91ab-394185d4b686.jpg,1114.23,439.18,13.25,4.77,Complex,0.27,SE
220,d4624c97-9ee9-41c7-91ab-394185d4b686.jpg,789.96,564.66,14.03,5.05,Complex,0.27,SW
221,d4624c97-9ee9-41c7-91ab-394185d4b686.jpg,1105.93,355.37,10.56,3.81,Simple,0.27,SE
222,d4624c97-9ee9-41c7-91ab-394185d4b686.jpg,942.97,403.1,10.1,3.64,Simple,0.26,SW
223,d4624c97-9ee9-41c7-91ab-394185d4b686.jpg,1222.35,545.29,10.41,3.75,Simple,0.26,SE
224,d4624c97-9ee9-41c7-91ab-394185d4b686.jpg,1259.62,64.44,27.59,9.94,Complex,0.26,NE
225,d4624c97-9ee9-41c7-91ab-394185d4b686.jpg,730.21,67.42,8.61,3.1,Simple,0.25,NW
226,d4624c97-9ee9-41c7-91ab-394185d4b686.jpg,643.17,620.7,28.23,10.17,Degraded,0.25,SW
227,2eeac52d-db47-4dbc-99fd-067facda04ee.jpg,311.46,884.49,13.92,4.04,Complex,0.75,NW
228,2eeac52d-db47-4dbc-99fd-067facda04ee.jpg,382.59,894.09,14.64,4.25,Complex,0.74,NE
229,2eeac52d-db47-4dbc-99fd-067facda04ee.jpg,10.41,1181.16,19.99,5.8,Complex,0.71,SW
230,2eeac52d-db47-4dbc-99fd-067facda04ee.jpg,173.73,715.23,15.71,4.56,Complex,0.63,NW
231,2eeac52d-db47-4dbc-99fd-067facda04ee.jpg,446.89,1174.34,9.81,2.84,Simple,0.62,SE
232,2eeac52d-db47-4dbc-99fd-067facda04ee.jpg,479.44,962.85,11.36,3.29,Simple,0.56,SE
233,2eeac52d-db47-4dbc-99fd-067facda04ee.jpg,355.02,653.56,13.95,4.05,Complex,0.56,NE
234,2eeac52d-db47-4dbc-99fd-067facda04ee.jpg,618.19,665.12,53.67,15.56,Complex,0.54,NE
235,2eeac52d-db47-4dbc-99fd-067facda04ee.jpg,175.62,1270.68,27.39,7.94,Degraded,0.53,SW
236,2eeac52d-db47-4dbc-99fd-067facda04ee.jpg,438.68,780.83,12.59,3.65,Simple,0.51,NE
237,2eeac52d-db47-4dbc-99fd-067facda04ee.jpg,213.94,679.52,15.3,4.44,Complex,0.5,NW
238,2eeac52d-db47-4dbc-99fd-067facda04ee.jpg,116.92,1225.58,37.7,10.93,Complex,0.48,SW
239,2eeac52d-db47-4dbc-99fd-067facda04ee.jpg,105.27,1269.99,24.28,7.04,Complex,0.47,SW
240,2eeac52d-db47-4dbc-99fd-067facda04ee.jpg,458.57,893.26,17.02,4.94,Complex,0.47,NE
241,2eeac52d-db47-4dbc-99fd-067facda04ee.jpg,42.27,938.39,12.79,3.71,Simple,0.42,NW
242,2eeac52d-db47-4dbc-99fd-067facda04ee.jpg,208.41,795.59,12.85,3.73,Simple,0.42,NW
243,2eeac52d-db47-4dbc-99fd-067facda04ee.jpg,631.62,774.88,8.77,2.54,Simple,0.42,NE
244,2eeac52d-db47-4dbc-99fd-067facda04ee.jpg,173.18,1094.52,8.57,2.48,Simple,0.41,SW
245,2eeac52d-db47-4dbc-99fd-067facda04ee.jpg,118.12,1184.89,13.86,4.02,Complex,0.39,SW
246,2eeac52d-db47-4dbc-99fd-067facda04ee.jpg,109.35,1138.61,14.7,4.26,Complex,0.39,SW
247,2eeac52d-db47-4dbc-99fd-067facda04ee.jpg,24.35,984.01,13.17,3.82,Simple,0.37,SW
248,2eeac52d-db47-4dbc-99fd-067facda04ee.jpg,18.52,1108.44,19.46,5.64,Complex,0.36,SW
249,2eeac52d-db47-4dbc-99fd-067facda04ee.jpg,492.09,940.39,11.76,3.41,Simple,0.36,NE
250,2eeac52d-db47-4dbc-99fd-067facda04ee.jpg,221.34,788.15,14.0,4.06,Complex,0.35,NW
251,2eeac52d-db47-4dbc-99fd-067facda04ee.jpg,128.6,1190.13,10.77,3.12,Simple,0.33,SW
252,2eeac52d-db47-4dbc-99fd-067facda04ee.jpg,19.47,1013.55,42.61,12.36,Complex,0.33,SW
253,2eeac52d-db47-4dbc-99fd-067facda04ee.jpg,83.04,689.12,10.66,3.09,Simple,0.32,NW
254,2eeac52d-db47-4dbc-99fd-067facda04ee.jpg,28.18,1189.89,15.76,4.57,Complex,0.32,SW
255,2eeac52d-db47-4dbc-99fd-067facda04ee.jpg,179.76,652.86,29.91,8.67,Complex,0.31,NW
256,2eeac52d-db47-4dbc-99fd-067facda04ee.jpg,180.93,1242.95,13.52,3.92,Simple,0.3,SW
257,2eeac52d-db47-4dbc-99fd-067facda04ee.jpg,233.52,1121.68,8.91,2.58,Simple,0.3,SW
258,2eeac52d-db47-4dbc-99fd-067facda04ee.jpg,554.22,1218.6,16.65,4.83,Complex,0.3,SE
259,2eeac52d-db47-4dbc-99fd-067facda04ee.jpg,518.41,1121.05,12.97,3.76,Simple,0.3,SE
260,2eeac52d-db47-4dbc-99fd-067facda04ee.jpg,622.51,988.17,31.68,9.19,Complex,0.3,SE
261,2eeac52d-db47-4dbc-99fd-067facda04ee.jpg,200.08,1270.12,27.74,8.04,Complex,0.29,SW
262,2eeac52d-db47-4dbc-99fd-067facda04ee.jpg,105.78,659.45,17.38,5.04,Complex,0.29,NW
263,2eeac52d-db47-4dbc-99fd-067facda04ee.jpg,628.39,934.43,23.14,6.71,Complex,0.28,NE
264,2eeac52d-db47-4dbc-99fd-067facda04ee.jpg,10.01,951.84,20.75,6.02,Complex,0.27,NW
265,2eeac52d-db47-4dbc-99fd-067facda04ee.jpg,497.72,1264.77,8.9,2.58,Simple,0.27,SE
266,2eeac52d-db47-4dbc-99fd-067facda04ee.jpg,393.3,1254.22,10.68,3.1,Simple,0.26,SE
267,2eeac52d-db47-4dbc-99fd-067facda04ee.jpg,400.37,836.73,8.63,2.5,Simple,0.26,NE
268,2eeac52d-db47-4dbc-99fd-067facda04ee.jpg,410.88,1220.77,67.52,19.58,Complex,0.26,SE
269,2eeac52d-db47-4dbc-99fd-067facda04ee.jpg,428.76,1273.76,21.05,6.1,Degraded,0.26,SE
270,2eeac52d-db47-4dbc-99fd-067facda04ee.jpg,225.26,1131.02,8.94,2.59,Simple,0.25,SW
271,85d0a333-c52d-404f-b09d-b0f040a44e34.jpg,729.58,694.2,16.64,4.79,Complex,0.86,NW
272,85d0a333-c52d-404f-b09d-b0f040a44e34.jpg,807.65,681.71,15.87,4.57,Complex,0.86,NW
273,85d0a333-c52d-404f-b09d-b0f040a44e34.jpg,756.34,942.85,11.63,3.35,Simple,0.84,NW
274,85d0a333-c52d-404f-b09d-b0f040a44e34.jpg,1257.18,826.85,17.22,4.96,Complex,0.84,NE
275,85d0a333-c52d-404f-b09d-b0f040a44e34.jpg,1230.43,816.41,14.88,4.28,Complex,0.82,NE
276,85d0a333-c52d-404f-b09d-b0f040a44e34.jpg,1180.65,788.47,15.29,4.4,Complex,0.82,NE
277,85d0a333-c52d-404f-b09d-b0f040a44e34.jpg,1063.81,854.05,51.54,14.83,Complex,0.82,NE
278,85d0a333-c52d-404f-b09d-b0f040a44e34.jpg,1056.08,906.98,28.99,8.34,Complex,0.81,NE
279,85d0a333-c52d-404f-b09d-b0f040a44e34.jpg,1193.74,848.65,33.53,9.65,Complex,0.8,NE
280,85d0a333-c52d-404f-b09d-b0f040a44e34.jpg,658.27,1100.22,44.34,12.76,Complex,0.79,SW
281,85d0a333-c52d-404f-b09d-b0f040a44e34.jpg,658.74,1019.4,12.43,3.58,Simple,0.79,SW
282,85d0a333-c52d-404f-b09d-b0f040a44e34.jpg,650.64,1136.29,26.66,7.67,Complex,0.78,SW
283,85d0a333-c52d-404f-b09d-b0f040a44e34.jpg,1271.7,836.65,18.94,5.45,Complex,0.78,NE
284,85d0a333-c52d-404f-b09d-b0f040a44e34.jpg,1196.58,991.92,16.38,4.71,Complex,0.77,SE
285,85d0a333-c52d-404f-b09d-b0f040a44e34.jpg,780.59,1119.71,17.39,5.0,Complex,0.77,SW
286,85d0a333-c52d-404f-b09d-b0f040a44e34.jpg,1214.79,804.52,17.68,5.09,Complex,0.76,NE
287,85d0a333-c52d-404f-b09d-b0f040a44e34.jpg,872.41,733.57,17.34,4.99,Complex,0.76,NW
288,85d0a333-c52d-404f-b09d-b0f040a44e34.jpg,1159.96,655.0,18.08,5.2,Complex,0.76,NE
289,85d0a333-c52d-404f-b09d-b0f040a44e34.jpg,935.93,709.79,18.14,5.22,Complex,0.73,NW
290,85d0a333-c52d-404f-b09d-b0f040a44e34.jpg,986.15,724.16,20.22,5.82,Complex,0.73,NE
291,85d0a333-c52d-404f-b09d-b0f040a44e34.jpg,763.21,1244.14,28.54,8.21,Complex,0.73,SW
292,85d0a333-c52d-404f-b09d-b0f040a44e34.jpg,834.58,687.85,12.85,3.7,Simple,0.71,NW
293,85d0a333-c52d-404f-b09d-b0f040a44e34.jpg,657.13,744.19,13.55,3.9,Simple,0.71,NW
294,85d0a333-c52d-404f-b09d-b0f040a44e34.jpg,644.55,1191.24,16.06,4.62,Degraded,0.7,SW
295,85d0a333-c52d-404f-b09d-b0f040a44e34.jpg,888.53,881.02,13.97,4.02,Complex,0.7,NW
296,85d0a333-c52d-404f-b09d-b0f040a44e34.jpg,907.63,702.12,40.45,11.64,Complex,0.69,NW
297,85d0a333-c52d-404f-b09d-b0f040a44e34.jpg,836.83,1149.6,9.76,2.81,Simple,0.69,SW
298,85d0a333-c52d-404f-b09d-b0f040a44e34.jpg,1194.37,646.7,10.83,3.12,Simple,0.68,NE
299,85d0a333-c52d-404f-b09d-b0f040a44e34.jpg,859.92,662.16,24.84,7.15,Complex/Overlapping,0.68,NW
300,85d0a333-c52d-404f-b09d-b0f040a44e34.jpg,1143.45,723.06,12.42,3.57,Simple,0.67,NE
301,85d0a333-c52d-404f-b09d-b0f040a44e34.jpg,1259.45,970.74,11.92,3.43,Simple,0.66,SE
302,85d0a333-c52d-404f-b09d-b0f040a44e34.jpg,645.38,738.31,22.47,6.47,Degraded,0.65,NW
303,85d0a333-c52d-404f-b09d-b0f040a44e34.jpg,1243.86,820.29,13.18,3.79,Simple,0.64,NE
304,85d0a333-c52d-404f-b09d-b0f040a44e34.jpg,859.97,1226.95,23.26,6.69,Complex,0.64,SW
305,85d0a333-c52d-404f-b09d-b0f040a44e34.jpg,1186.05,827.18,11.3,3.25,Simple,0.63,NE
306,85d0a333-c52d-404f-b09d-b0f040a44e34.jpg,827.21,779.42,12.68,3.65,Simple,0.63,NW
307,85d0a333-c52d-404f-b09d-b0f040a44e34.jpg,854.5,724.77,16.36,4.71,Complex,0.62,NW
308,85d0a333-c52d-404f-b09d-b0f040a44e34.jpg,666.88,1076.84,12.65,3.64,Simple,0.6,SW
309,85d0a333-c52d-404f-b09d-b0f040a44e34.jpg,1246.81,790.76,22.31,6.42,Complex,0.6,NE
310,85d0a333-c52d-404f-b09d-b0f040a44e34.jpg,682.18,777.97,14.55,4.19,Complex,0.6,NW
311,85d0a333-c52d-404f-b09d-b0f040a44e34.jpg,700.97,949.21,17.3,4.98,Complex,0.58,NW
312,85d0a333-c52d-404f-b09d-b0f040a44e34.jpg,1020.96,735.77,10.71,3.08,Simple,0.56,NE
313,85d0a333-c52d-404f-b09d-b0f040a44e34.jpg,1186.49,1158.17,16.53,4.76,Complex,0.55,SE
314,85d0a333-c52d-404f-b09d-b0f040a44e34.jpg,1158.05,1159.13,19.61,5.64,Complex,0.55,SE
315,85d0a333-c52d-404f-b09d-b0f040a44e34.jpg,1200.07,764.93,11.35,3.27,Simple,0.55,NE
316,85d0a333-c52d-404f-b09d-b0f040a44e34.jpg,794.57,677.87,11.31,3.25,Simple,0.54,NW
317,85d0a333-c52d-404f-b09d-b0f040a44e34.jpg,718.8,770.5,10.67,3.07,Simple,0.53,NW
318,85d0a333-c52d-404f-b09d-b0f040a44e34.jpg,748.56,708.81,10.26,2.95,Simple,0.53,NW
319,85d0a333-c52d-404f-b09d-b0f040a44e34.jpg,913.32,1262.6,16.41,4.72,Complex,0.53,SW
320,85d0a333-c52d-404f-b09d-b0f040a44e34.jpg,1025.36,717.34,21.58,6.21,Complex,0.53,NE
321,85d0a333-c52d-404f-b09d-b0f040a44e34.jpg,710.07,920.21,29.57,8.51,Complex,0.52,NW
322,85d0a333-c52d-404f-b09d-b0f040a44e34.jpg,1271.45,935.39,21.08,6.07,Complex,0.51,NE
323,85d0a333-c52d-404f-b09d-b0f040a44e34.jpg,732.45,864.81,28.09,8.08,Complex,0.51,NW
324,85d0a333-c52d-404f-b09d-b0f040a44e34.jpg,811.52,997.25,10.1,2.91,Simple,0.5,SW
325,85d0a333-c52d-404f-b09d-b0f040a44e34.jpg,1172.88,742.83,14.35,4.13,Complex,0.5,NE
326,85d0a333-c52d-404f-b09d-b0f040a44e34.jpg,1213.47,686.14,15.77,4.54,Complex,0.5,NE
327,85d0a333-c52d-404f-b09d-b0f040a44e34.jpg,1226.7,643.84,10.39,2.99,Degraded,0.48,NE
328,85d0a333-c52d-404f-b09d-b0f040a44e34.jpg,1135.36,1220.11,14.6,4.2,Complex,0.48,SE
329,85d0a333-c52d-404f-b09d-b0f040a44e34.jpg,1175.16,1112.34,14.73,4.24,Complex,0.47,SE
330,85d0a333-c52d-404f-b09d-b0f040a44e34.jpg,779.89,1094.26,9.55,2.75,Simple,0.47,SW
331,85d0a333-c52d-404f-b09d-b0f040a44e34.jpg,1006.94,1210.74,16.47,4.74,Complex,0.46,SE
332,85d0a333-c52d-404f-b09d-b0f040a44e34.jpg,758.55,652.82,17.01,4.9,Complex,0.46,NW
333,85d0a333-c52d-404f-b09d-b0f040a44e34.jpg,1187.02,740.97,11.02,3.17,Simple,0.46,NE
334,85d0a333-c52d-404f-b09d-b0f040a44e34.jpg,1274.8,705.87,11.17,3.21,Simple,0.45,NE
335,85d0a333-c52d-404f-b09d-b0f040a44e34.jpg,686.54,1237.67,27.31,7.86,Complex,0.43,SW
336,85d0a333-c52d-404f-b09d-b0f040a44e34.jpg,805.82,702.21,9.64,2.77,Simple,0.42,NW
337,85d0a333-c52d-404f-b09d-b0f040a44e34.jpg,730.86,1269.52,19.86,5.72,Complex,0.41,SW
338,85d0a333-c52d-404f-b09d-b0f040a44e34.jpg,1151.93,707.81,19.88,5.72,Complex,0.41,NE
339,85d0a333-c52d-404f-b09d-b0f040a44e34.jpg,819.33,1036.27,9.35,2.69,Simple,0.41,SW
340,85d0a333-c52d-404f-b09d-b0f040a44e34.jpg,899.37,1168.55,10.01,2.88,Simple,0.41,SW
341,85d0a333-c52d-404f-b09d-b0f040a44e34.jpg,1183.14,660.72,24.2,6.96,Complex,0.4,NE
342,85d0a333-c52d-404f-b09d-b0f040a44e34.jpg,1272.79,664.54,13.4,3.86,Simple,0.4,NE
343,85d0a333-c52d-404f-b09d-b0f040a44e34.jpg,975.94,1267.45,13.6,3.91,Simple,0.39,SE
344,85d0a333-c52d-404f-b09d-b0f040a44e34.jpg,751.12,847.06,25.04,7.21,Complex,0.39,NW
345,85d0a333-c52d-404f-b09d-b0f040a44e34.jpg,1088.3,771.39,14.29,4.11,Complex/Overlapping,0.38,NE
346,85d0a333-c52d-404f-b09d-b0f040a44e34.jpg,918.31,726.87,15.52,4.47,Complex/Overlapping,0.37,NW
347,85d0a333-c52d-404f-b09d-b0f040a44e34.jpg,1022.98,1230.51,13.68,3.94,Simple,0.36,SE
348,85d0a333-c52d-404f-b09d-b0f040a44e34.jpg,1036.92,697.47,14.18,4.08,Complex,0.36,NE
349,85d0a333-c52d-404f-b09d-b0f040a44e34.jpg,1169.26,1264.2,10.83,3.12,Simple,0.33,SE
350,85d0a333-c52d-404f-b09d-b0f040a44e34.jpg,834.74,1203.29,13.34,3.84,Simple,0.33,SW
351,85d0a333-c52d-404f-b09d-b0f040a44e34.jpg,938.2,663.65,117.12,33.71,Degraded,0.33,NW
352,85d0a333-c52d-404f-b09d-b0f040a44e34.jpg,1000.69,712.0,11.54,3.32,Simple,0.33,NE
353,85d0a333-c52d-404f-b09d-b0f040a44e34.jpg,659.7,910.17,11.03,3.18,Simple,0.33,NW
354,85d0a333-c52d-404f-b09d-b0f040a44e34.jpg,874.27,1142.39,8.4,2.42,Simple,0.32,SW
355,85d0a333-c52d-404f-b09d-b0f040a44e34.jpg,782.98,1138.13,21.81,6.28,Complex,0.32,SW
356,85d0a333-c52d-404f-b09d-b0f040a44e34.jpg,694.39,936.41,11.01,3.17,Simple,0.31,NW
357,85d0a333-c52d-404f-b09d-b0f040a44e34.jpg,1088.7,758.49,20.81,5.99,Complex/Overlapping,0.31,NE
358,85d0a333-c52d-404f-b09d-b0f040a44e34.jpg,1206.51,1026.35,25.3,7.28,Complex,0.31,SE
359,85d0a333-c52d-404f-b09d-b0f040a44e34.jpg,1219.12,1008.55,12.35,3.55,Simple,0.31,SE
360,85d0a333-c52d-404f-b09d-b0f040a44e34.jpg,720.64,666.15,9.21,2.65,Simple,0.31,NW
361,85d0a333-c52d-404f-b09d-b0f040a44e34.jpg,901.73,743.13,30.75,8.85,Complex,0.31,NW
362,85d0a333-c52d-404f-b09d-b0f040a44e34.jpg,1238.51,668.74,11.03,3.18,Simple,0.31,NE
363,85d0a333-c52d-404f-b09d-b0f040a44e34.jpg,1081.75,1112.7,11.12,3.2,Simple,0.31,SE
364,85d0a333-c52d-404f-b09d-b0f040a44e34.jpg,1277.47,807.69,10.76,3.1,Degraded,0.3,NE
365,85d0a333-c52d-404f-b09d-b0f040a44e34.jpg,1213.17,873.06,22.4,6.45,Complex,0.3,NE
366,85d0a333-c52d-404f-b09d-b0f040a44e34.jpg,1002.43,1194.12,9.25,2.66,Simple,0.3,SE
367,85d0a333-c52d-404f-b09d-b0f040a44e34.jpg,1046.61,665.66,10.43,3.0,Simple,0.3,NE
368,85d0a333-c52d-404f-b09d-b0f040a44e34.jpg,916.66,673.98,22.63,6.51,Complex,0.3,NW
369,85d0a333-c52d-404f-b09d-b0f040a44e34.jpg,1139.78,768.27,27.55,7.93,Complex,0.3,NE
370,85d0a333-c52d-404f-b09d-b0f040a44e34.jpg,1197.11,929.5,13.18,3.79,Simple,0.29,NE
371,85d0a333-c52d-404f-b09d-b0f040a44e34.jpg,723.09,988.56,17.98,5.18,Complex,0.29,SW
372,85d0a333-c52d-404f-b09d-b0f040a44e34.jpg,859.37,1260.64,10.65,3.06,Simple,0.29,SW
373,85d0a333-c52d-404f-b09d-b0f040a44e34.jpg,1080.47,784.75,14.11,4.06,Complex,0.29,NE
374,85d0a333-c52d-404f-b09d-b0f040a44e34.jpg,1227.69,790.76,13.68,3.94,Simple,0.29,NE
375,85d0a333-c52d-404f-b09d-b0f040a44e34.jpg,676.48,1036.7,8.6,2.47,Simple,0.28,SW
376,85d0a333-c52d-404f-b09d-b0f040a44e34.jpg,847.44,650.98,16.73,4.82,Complex/Overlapping,0.28,NW
377,85d0a333-c52d-404f-b09d-b0f040a44e34.jpg,748.2,681.12,9.01,2.59,Simple,0.27,NW
378,85d0a333-c52d-404f-b09d-b0f040a44e34.jpg,1014.57,646.88,13.76,3.96,Simple,0.27,NE
379,85d0a333-c52d-404f-b09d-b0f040a44e34.jpg,1150.58,691.28,9.95,2.86,Simple,0.27,NE
380,85d0a333-c52d-404f-b09d-b0f040a44e34.jpg,712.75,724.33,10.35,2.98,Simple,0.26,NW
381,85d0a333-c52d-404f-b09d-b0f040a44e34.jpg,1248.37,662.81,10.34,2.98,Simple,0.26,NE
382,85d0a333-c52d-404f-b09d-b0f040a44e34.jpg,919.02,729.32,16.67,4.8,Complex/Overlapping,0.26,NW
383,85d0a333-c52d-404f-b09d-b0f040a44e34.jpg,1006.47,1227.79,12.64,3.64,Simple,0.26,SE
384,85d0a333-c52d-404f-b09d-b0f040a44e34.jpg,1270.75,958.39,29.75,8.56,Degraded,0.25,NE
385,85d0a333-c52d-404f-b09d-b0f040a44e34.jpg,1269.41,992.51,16.07,4.62,Complex,0.25,SE
